{"window":[2001,2025],"series":{"season":[2001,2002,2003,2004,2005,2006,2007,2008,2009,2010,2011,2012,2013,2014,2015,2016,2017,2018,2019,2020,2021,2022,2023,2024,2025],"count":[40,36,37,39,37,31,33,37,34,28,27,31,39,34,38,38,36,41,39,34,37,36,24,34,39],"meanWind":[75.9,79.4,88.8,85.9,86.5,87.7,79.8,69.9,74.3,79.1,82.2,80.3,79.5,82.1,95.0,83.2,71.8,80.5,80.6,74.1,69.9,64.7,95.8,80.3,68.1],"genesisWP":[15.12,15.16,14.52,14.57,15.15,14.86,18.63,18.33,16.71,18.25,17.37,16.44,16.94,13.3,14.1,18.21,16.87,16.93,16.38,18.7,16.25,19.18,15.83,18.15,19.55],"genesisSP":[16.81,16.8,14.12,14.68,14.46,15.34,13.8,16.49,18.14,12.85,16.59,16.26,14.25,17.29,13.26,14.06,16.89,16.08,12.84,13.93,16.13,17.11,16.0,13.27,15.81]},"fits":{"count":{"slope":-0.039231,"intercept":114.1315,"r2":0.0046,"p":0.74747,"n":25,"perDecade":-0.39},"windMean":{"slope":-0.265385,"intercept":614.0352,"r2":0.0636,"p":0.22405,"n":25,"perDecade":-2.65},"genesisWP":{"slope":0.112815,"intercept":-210.4774,"r2":0.2322,"p":0.01473,"n":25,"perDecade":1.13},"genesisSP":{"slope":-0.016523,"intercept":48.5914,"r2":0.0061,"p":0.71007,"n":25,"perDecade":-0.17}},"summary":{"yearMin":2001,"yearMax":2025,"count":{"first5":37.8,"last5":34.0,"perDecade":-0.39},"windMean":{"perDecade":-2.65},"genesis":{"wpLatFirst":14.9,"wpLatLast":17.8,"wpNorthKm":322}}}